y,name,tier,src,src_is_y,target_year,hold,company,first_month,months,1y_n,1y_ann_ret,1y_vol,1y_maxdd,1y_sharpe,1y_calmar,1y_beta_eq,1y_beta_bond,1y_alpha,1y_t_alpha,1y_info_ratio,1y_up_cap,1y_down_cap,3y_n,3y_ann_ret,3y_vol,3y_maxdd,3y_sharpe,3y_calmar,3y_beta_eq,3y_beta_bond,3y_alpha,3y_t_alpha,3y_info_ratio,3y_up_cap,3y_down_cap,5y_n,5y_ann_ret,5y_vol,5y_maxdd,5y_sharpe,5y_calmar,5y_beta_eq,5y_beta_bond,5y_alpha,5y_t_alpha,5y_info_ratio,5y_up_cap,5y_down_cap,all_n,all_ann_ret,all_vol,all_maxdd,all_sharpe,all_calmar,all_beta_eq,all_beta_bond,all_alpha,all_t_alpha,all_info_ratio,all_up_cap,all_down_cap,y2020,y2021,y2022,y2023,y2024,y2025,y2026,y2019,xa2023,xa2024,xa2025,xa2026,xa_pos_share,xa_worst,score,rank
017381,鹏华养老2045三年持有混合发起式(FOF)Y,FOF-均衡型,007271,False,2045.0,三年,鹏华,2019-04,89,12.0,0.1045724710174775,0.1783801732848562,-0.0925581629063866,0.5021436484111876,1.1298027935498485,0.7755744592244151,-1.001562058106886,0.0356749593435119,0.6253915786274964,0.635552652244232,0.8028661715504465,0.7710934577961376,36.0,0.125705522997465,0.1904640969826098,-0.15640674874601,0.5812408992103796,0.8037090726922476,0.7652700756323096,0.3272289973621367,0.021413015274625,0.5999435890962034,0.3497640415491003,0.8316657182094004,0.7348113550447799,60.0,0.0536764267179217,0.1590290969268804,-0.2590120160213618,0.2432034606579238,0.2072352763490895,0.7035678956235288,-0.3817076589745364,0.0507298769603341,1.8095424948964391,0.8278999694556608,0.7830122595638047,0.6336310037104814,89.0,0.0886081648566341,0.1516342172108951,-0.2590120160213616,0.4854324189523713,0.3421005952454589,0.6780058554694924,-0.0844044898936166,0.0248386527406925,0.9755201538623138,0.3622650631471444,0.711513336365446,0.6196712922418055,0.3175562581365072,0.0346531159573717,-0.0845839017735333,-0.0834575260804771,0.0626829268292679,0.3288960293780121,0.0805987334484743,,0.010536975676997962,0.010700025725068674,0.054889422841305935,0.0220127149452487,1.0,0.010536975676997962,1.3628090544249973,1
017905,国泰海通善吾养老目标2045五年持有混合发起(FOF)Y,FOF-均衡型,016907,False,2045.0,五年,国泰海通,2022-10,47,12.0,0.0678871758934829,0.120304792324941,-0.0568950425718151,0.439609884788593,1.1932001950397195,0.5294474145619296,0.6212582409330326,-0.0126386578453022,-0.3618118709862164,-0.3597111835732228,0.5933413106607491,0.6200585874358369,36.0,0.0907222744519076,0.160209484752435,-0.1510377860564129,0.4726453903083082,0.6006594562901144,0.6481980918893268,-0.5252473313416827,0.0262009771545184,1.4193635600585628,0.8292648142046339,0.6977310338637559,0.6826929241902251,,,,,,,,,,,,,,47.0,0.0518831271938531,0.145339032388983,-0.2324865280985371,0.2537730339028247,0.2231661663073353,0.6569676450354066,-0.2353484277515635,0.0049666774902212,0.2996674361915414,0.1517636858753504,0.677105249407662,0.6952510000226576,,,,-0.1239167247733836,0.0496873223422404,0.260290294627383,0.0477868500214873,,-0.020476154702574134,0.0519865219736656,0.03620511513359115,0.011817175760219678,0.75,-0.020476154702574134,1.253177382748298,2
017386,兴全安泰积极养老五年持有混合(FOF)Y,FOF-进取型,010267,False,,五年,兴全,2020-12,69,12.0,0.0854188390684744,0.1255287117090034,-0.0624807633117882,0.560977947672379,1.367122207554058,0.5579816128882932,1.4033501783826798,-0.0179598816090156,-0.5606785416966589,-0.5560481510579847,0.6082220506230407,0.5731119772268941,36.0,0.090352203738159,0.1709064419087163,-0.1274387712743877,0.4408973874630525,0.708985207834609,0.6962674226179648,-0.3383979379791269,0.0148765423113523,0.7574516386662078,0.4402887518987035,0.7000246983114736,0.6816523847954782,60.0,0.0340399557335666,0.14678768571171,-0.2271348469528447,0.1297108517056465,0.1498667253846508,0.6814904976744368,-0.3764243953284273,0.0298377394389603,1.857639738084697,0.8420626264656108,0.7032673532297659,0.6288405356489705,69.0,0.0394402131455546,0.1375987794323091,-0.2271348469528449,0.1776194036486922,0.1736422819953417,0.6489936788850578,-0.8543346671175968,0.0378150701559276,2.294128881078803,0.9731884994528442,0.6402676741528759,0.5910075018540323,,0.0586804203970416,-0.1016637558599137,-0.0700910672260306,0.0555677816901407,0.2523715209006569,0.0397036790411187,,0.034211517405454916,0.04582985601224521,0.008971703567042688,-0.00250095944335893,0.75,-0.00250095944335893,1.176528484763251,3
020188,建信优享进取养老目标五年持有期混合发起(FOF)Y,FOF-进取型,016849,False,,五年,建信,2022-12,45,12.0,0.1298593190710064,0.1938804783775936,-0.1096039460322065,0.5924233323135876,1.1848051440853045,0.7277848564683775,6.289224033757734,-0.1008338188223316,-0.8786807404093532,-0.8372929059523604,0.955032487196141,0.9005883143353394,36.0,0.1341453481151442,0.1851225094442065,-0.1096039460322064,0.643602706515023,1.2239098405793385,0.6825094611237547,1.4489601167820427,0.0056462286320519,0.0960331469778624,0.0555881003915565,0.7712111204616225,0.6084391796000108,,,,,,,,,,,,,,45.0,0.0848763115823423,0.1702505309974137,-0.1768451519536903,0.4104322680990864,0.4799470646759291,0.6865319233493731,1.1959363263083,-0.0031867160261767,-0.0675675290408069,-0.0348407305055254,0.755139489135271,0.6274704218579997,,,,-0.115676106900678,0.1105096977898059,0.2533509341998374,0.0996516244024954,,-0.06628206876568421,-0.013759730881293786,0.004481077059205862,0.024202379781996575,0.5,-0.06628206876568421,1.1502254975498027,4
025394,南方康乐养老目标日期2045三年持有混合发起(FOF)Y,FOF-均衡型,018514,False,2045.0,三年,南方,2023-09,36,12.0,0.0765310316481713,0.1784846345487206,-0.1102951661200627,0.3447413375596502,0.6938747575289276,0.8091507469764617,-0.1867511583940707,-0.0142805354637556,-0.8698023332861312,-0.8640944785945582,0.7608399065490034,0.8119045694986596,36.0,0.0940728026798045,0.147010650352883,-0.1102951661200627,0.5378712527969837,0.8529186363199346,0.6038385594273202,0.3828001375512505,0.0062580357020003,0.2817531906627034,0.1631363366096168,0.6174739448073923,0.5474647268643683,,,,,,,,,,,,,,36.0,0.0940728026798045,0.147010650352883,-0.1102951661200627,0.5378712527969837,0.8529186363199346,0.6038385594273202,0.3828001375512505,0.0062580357020003,0.2817531906627034,0.1631363366096168,0.6174739448073923,0.5474647268643683,,,,,0.0387248390722385,0.2452291953570728,0.0345208942254522,,,-0.01433567736858432,0.0323821549370813,-0.015897186497612514,0.3333333333333333,-0.015897186497612514,1.0801693131177488,5
023102,招商和惠养老目标日期2045五年持有期混合发起式(FOF)Y,FOF-均衡型,016660,False,2045.0,五年,招商,2023-03,42,12.0,0.0488078783690395,0.1564622926330533,-0.0958047292143402,0.2160768438203077,0.5094516603647358,0.7030067700978359,0.1816275035612106,-0.0380011949710598,-1.363633135241158,-1.3397163104362508,0.651954925488719,0.7657281438882219,36.0,0.0914018725254171,0.1579998508899285,-0.122497055359246,0.4835566115732785,0.7461556709046077,0.6466931549987908,-0.0454916642455438,0.0123478860833279,0.6191485521771258,0.3594841583375844,0.6988877299326901,0.6822653023838906,,,,,,,,,,,,,,42.0,0.0569944394273775,0.1502018067265948,-0.1904573742961571,0.279586779563964,0.2992503684249707,0.6475059729941124,-0.2062421406348305,0.0166522803905058,0.8992363430214139,0.4843196589941296,0.701652459285789,0.6795054729750756,,,,,0.0301394511920829,0.3163755458515285,0.0068833969149111,,-4.068650891275727e-05,0.003074468642902062,0.0899681382147357,-0.03799960902078969,0.5,-0.03799960902078969,1.0636713544097731,6
019965,易方达养老2050五年持有混合(FOF)Y,FOF-均衡型,017696,False,2050.0,五年,易方达,2023-07,38,12.0,0.2029996791786978,0.3363893600143877,-0.2097931616715912,0.5588752247415226,0.9676181890831704,1.4216561381077346,4.163077570955697,-0.0465119277612416,-0.3351130785541554,-0.3279077166889705,1.345346577978498,1.0918456689639429,36.0,0.1454912096869718,0.2238796348802158,-0.2097931616715912,0.5828632414770087,0.6934983415461499,0.7727329621620772,0.7916606809503175,0.0321022535239408,0.4024971088963637,0.2357814651555061,0.8919969522104282,0.7196133292744911,,,,,,,,,,,,,,38.0,0.1365763701867632,0.2180431799129766,-0.2097931616715913,0.5575793300908826,0.6510048711719161,0.7630319031286713,0.7330073653813614,0.0456241510623269,0.5979311109189757,0.3429779721989405,0.8919969522104282,0.6673470273939711,,,,,-0.0188525425456027,0.3884503531366845,0.1220077797725911,,0.06698441179753067,-0.10081836683487688,0.10867437179783956,0.05414016640368957,0.75,-0.10081836683487688,0.8882438706745189,7
017296,嘉实养老2040混合(FOF)Y,FOF-均衡型,006307,False,2040.0,,嘉实,2019-03,90,12.0,0.0771654516248612,0.1843968640206051,-0.1111111111111111,0.3371285729561791,0.6944890646237506,0.8208782246133067,-1.79318924755627,0.0240412274893933,0.6672476131800711,0.6745684082505924,0.794027216637026,0.856767096178256,36.0,0.0936683796309212,0.1769857977804988,-0.1519357743097237,0.4444897874149611,0.6164998339362566,0.7306363108281659,0.0082540831137503,0.0042373974791354,0.2272404555409392,0.1314519473080956,0.764215316307545,0.7648106384325508,60.0,0.0143142665636579,0.1538555626207534,-0.3144295505549823,-0.0044569947596391,0.0455245588030534,0.7356077438746587,0.1120633401935358,-0.0046721642475161,-0.3939572933747185,-0.1758054587129193,0.7510579570881487,0.7594860148423287,90.0,0.0769352528250275,0.1564254833074834,-0.3144295505549823,0.3959409395161163,0.2446820048854611,0.7501442235248305,-0.1838273688583885,0.002874444031889,0.1878883766356663,0.0686974746519969,0.7535297313520164,0.7678655749238241,0.3721243709561466,0.0726308206169359,-0.1336549029185492,-0.1234759320600465,0.0400418107260591,0.2767684576729801,0.055706933091129,,-0.024739461255943285,0.008482883743333725,0.01809987769325172,0.0050591523652323556,0.75,-0.024739461255943285,0.8691004399736599,8
019966,易方达汇裕积极养老五年持有混合(FOF)Y,FOF-进取型,017228,False,,五年,易方达,2023-07,38,12.0,0.2230540127183451,0.3590247358696833,-0.2174115697343207,0.579497711249242,1.0259528183845943,1.5161172601844597,3.722974952560666,-0.0252559149555173,-0.168330629305633,-0.1663730970840529,1.4644082106492995,1.17682243593325,36.0,0.1504724083351163,0.2394131692430818,-0.2174115697343207,0.5658519485933874,0.6921085594432496,0.8241906595423438,0.8522190352487985,0.0310049102468144,0.361822176734221,0.2118503298780684,0.9468666340822957,0.7732666971770427,,,,,,,,,,,,,,38.0,0.1412220225936657,0.2331593066210974,-0.2174115697343207,0.5413552837450606,0.6495607513723424,0.8136992844302899,0.7885074434142192,0.0456466603258249,0.5564951766587166,0.319213170376887,0.9468666340822957,0.7170263787422686,,,,,-0.0248085758039815,0.3933207705192625,0.1416334811030126,,0.07059656868852315,-0.11106565038029315,0.09301084790691316,0.0698837816967448,0.75,-0.11106565038029315,0.797772023530334,9
017362,华夏养老2050五年持有混合发起式(FOF)Y,FOF-进取型,006891,False,2050.0,五年,华夏,2019-03,90,12.0,0.1509315906562847,0.2511636189493582,-0.1609972533276991,0.5412073262238365,0.937479289470073,1.1130616662606927,1.1591100260560057,-0.0042185395112133,-0.0641403255322526,-0.0640162157278348,1.0848400286164173,0.9732553489338774,36.0,0.1057797217125775,0.1749744639176087,-0.1609972533276992,0.5188169729459696,0.6570281139968889,0.6383710488607888,0.9481626136661332,0.0001743174358836,0.0031437104659453,0.0018151670912739,0.7691443718190139,0.7224060201163719,60.0,-0.0044933050946524,0.1645892559151862,-0.3546370267453976,-0.1184360727938244,-0.0126701521718944,0.7021583679173783,0.5572011303690604,-0.0324912664670286,-0.8888722959982138,-0.3915607338266541,0.794225521542786,0.8791813581731369,90.0,0.0695240578107403,0.1637383508240003,-0.3546370267453975,0.3329950346779012,0.1960428623282287,0.7163258013457998,-0.073130408793248,-0.0018931159444315,-0.0650208621780082,-0.0237216542589305,0.792657595381964,0.8582472327792118,0.383779621866712,0.0417310664605869,-0.2016617210682494,-0.1166369313113292,-0.0177564588066987,0.2831562714187798,0.1053615543833876,,-0.05810149243430063,-0.10793946315307845,0.05401901177234625,0.04212779977750225,0.5,-0.10793946315307845,0.6183837405075264,10
019745,广发安诚养老目标2040三年持有混合发起式(FOF)Y,FOF-均衡型,018672,False,2040.0,三年,广发,2023-08,37,12.0,-0.0195312499999998,0.1547577946352831,-0.0931226623921838,-0.2231309258533923,-0.2097368084016381,0.6754310005324892,2.935268487030033,-0.1558076354783929,-3.297629525631665,-3.054941573172576,0.5018343463277135,0.8129945476788469,36.0,0.0716623454711111,0.1582078126503978,-0.0931226623921838,0.3581513739547214,0.7695478590303503,0.6433550390011282,0.1744449606827916,-0.0124075398784458,-0.5022536128489089,-0.2883235074016808,0.6120848590502078,0.6252506599340663,,,,,,,,,,,,,,37.0,0.0694167022072784,0.1560527756857287,-0.0931226623921839,0.34870704457617,0.745432963620946,0.6344497992375918,0.1331373318071992,-0.0015823527596675,-0.0616541967842306,-0.0350862724110741,0.6120848590502078,0.5902058126923008,,,,,0.0823420836751445,0.1695878730459497,-0.0037262049412718,,,0.041613163722267865,-0.056873886967633736,-0.052561165258900755,0.3333333333333333,-0.056873886967633736,0.6013936395411514,11
017675,东方红颐和积极养老五年(FOF)Y,FOF-进取型,009184,False,,五年,东方红,2020-06,75,12.0,0.0492287495897603,0.1908960270346558,-0.128079168446533,0.1793057200899541,0.3843618770082114,0.8592521278749515,1.0670672951136428,-0.0718175269565343,-2.137051173870891,-2.0657607363170185,0.716390510515636,0.8399738199087083,36.0,0.0812984492979049,0.1636713647200288,-0.1280791684465329,0.4050705473820241,0.6347515390985952,0.6742761318198679,0.3555221403943835,-0.0118386049198342,-0.5226841229608049,-0.3001308760708961,0.6774333691357514,0.6850205658569428,60.0,0.0102050445817496,0.1442301167303478,-0.2830037627091508,-0.0332451746344696,0.0360597487611413,0.6539407212501415,-0.065643238843821,-0.0019021767732196,-0.0846441267747417,-0.0378209906323035,0.6396037187260738,0.653335767169543,75.0,0.0401319104825157,0.1349274923015075,-0.2830037627091507,0.1862623402675878,0.141806985526762,0.6245585245748968,0.0969972225114053,-0.0113605826911938,-0.5320830617759952,-0.2117227300317615,0.6108960183026941,0.6487901544999057,,0.0639693356047697,-0.130974301497078,-0.1283279594656837,0.0527372648488688,0.2688485091858243,0.0117889073502648,,-0.04725188914340506,5.15062683921208e-05,0.02960075172477561,-0.04226985557381813,0.5,-0.04725188914340506,0.5747276693552671,12
021496,广发养老目标2045三年持有混合发起式(FOF)Y,FOF-均衡型,016649,False,2045.0,三年,广发,2023-05,40,12.0,0.069293361884368,0.107328837916671,-0.0470680834317196,0.5058599621335774,1.4721942520750824,0.4550356092723847,3.450725612918955,-0.0678266173304918,-1.6231270650610343,-1.5720287497287704,0.510089584010125,0.4913626326272077,36.0,0.0862545311064135,0.1819901820854874,-0.1324435318275156,0.3915295335708972,0.651255141842222,0.7322292922851119,0.4268189831540916,-0.0152882229757569,-0.449197797236644,-0.2575221609362109,0.6714492433185506,0.6461920124300713,,,,,,,,,,,,,,40.0,0.0688238298286896,0.1737296255977329,-0.1571913026132056,0.3098137674763514,0.4378348463594175,0.728818326394077,0.5219403431304811,-0.0111584952901538,-0.3582899388205985,-0.1952377981074913,0.6665425740871253,0.6158908913858544,,,,,0.0772344382452683,0.2177312887173759,0.0411141689600533,,0.003323564021354475,0.019220057033342508,-0.04412026427963678,-0.017568439385481582,0.5,-0.04412026427963678,0.5237449612808301,13
017249,嘉实养老2050混合(FOF)Y,FOF-均衡型,007188,False,2050.0,,嘉实,2019-04,89,12.0,0.068171021377672,0.193242949688689,-0.1198846965563392,0.2751511579766798,0.5686382276960212,0.8658147415204085,-0.6473834004471846,-0.0160406720254717,-0.4572988729150593,-0.4539270070049244,0.8053418062251297,0.9022032937499446,36.0,0.0895566308506381,0.1799709293436352,-0.1536636226360825,0.414270410907754,0.5828095766213498,0.7460082686267725,0.2250436995875917,-0.0075560876410907,-0.3809555357363939,-0.2191820236903804,0.7660609321099354,0.7820530220268759,60.0,0.0099995844175009,0.1566335335314433,-0.3216529306668201,-0.0319242978802828,0.0310881184784194,0.7504271704178213,0.249633900678989,-0.0129450093124778,-1.024368530187982,-0.4553871042509195,0.7526695734655094,0.7773474793942556,89.0,0.0823798882237007,0.1578093298306694,-0.32165293066682,0.4269702450165646,0.2561142161923372,0.7483196784014448,-0.367382770396397,0.0205209172395548,1.226283157743079,0.4545034391667499,0.7781540679244401,0.746053165718952,0.3769085606450508,0.0769374532768507,-0.1387748018742406,-0.1284255776464267,0.0411528976572135,0.2698741672834939,0.0484961529494054,,-0.03398921114328157,-0.004180702419339211,0.003950342489998482,-0.007103453493356726,0.25,-0.03398921114328157,0.461400734229983,14
017302,国泰民安养老目标日期2040三年持有期混合FOFY,FOF-均衡型,007231,False,2040.0,三年,国泰,2019-07,86,12.0,-0.0662429563622071,0.238134361779696,-0.2361728120835184,-0.3411643567733706,-0.2804851065531685,0.441887748573475,11.518343155576126,-0.3165535365580068,-1.6091613311107196,-1.3596876364982302,0.5621098627003442,1.0459975533077992,36.0,0.0854939201618565,0.2460573002939445,-0.2361728120835184,0.2864939186020622,0.3619972993827209,0.7737665127361231,-1.0633724920525922,0.0362256073377305,0.3836213549897876,0.2251376520905648,0.9068068227288828,0.970602137542842,60.0,0.0136342249599292,0.1990653162458364,-0.2572725243657467,-0.0068609392425954,0.0529952624888401,0.744010542787154,-0.699208061124776,0.0250679824728541,0.4454168772514717,0.2014749185003821,0.8367903418024354,0.8319872446025327,86.0,0.0506711121468856,0.1761064737034156,-0.2572725243657467,0.2025542354959654,0.1969550082030914,0.7060573286465106,-0.1088141693202994,-0.0135609974722358,-0.3444595637330306,-0.1278689755886375,0.7103281291643393,0.7979583925913017,0.2139317438055163,0.0329661865516441,-0.1310118559391544,-0.0791144671357474,0.0484532240029822,0.3963739779594737,-0.0929862525458251,,0.055911924177024064,0.08171616663727554,0.12785806046450765,-0.125795444654066,0.75,-0.125795444654066,0.3766548441866855,15
017407,长信颐天养老三年持有混合(FOF)Y,FOF-均衡型,006872,False,,三年,长信,2019-09,83,12.0,-0.013191181785327,0.1004583944638186,-0.0589158096566149,-0.2806254463431673,-0.2238988458651523,0.4067696194075216,-1.1988325719382746,-0.033805917180353,-0.7037516714946225,-0.6927797693612247,0.380223793801035,0.6247584489892676,36.0,0.0534665971572005,0.1615822382826302,-0.1181759794476559,0.2380620392813043,0.4524320205095718,0.6344067828642289,-0.3092932707307239,-0.0136783550119947,-0.4413308886626635,-0.2532011153893987,0.5693048228795753,0.6316165403192068,60.0,-0.0021107215452542,0.1396918241525673,-0.266298539365871,-0.122489069414445,-0.0079261476622457,0.5943584394629644,-1.2711476803985005,0.0220993804272873,0.9097464681706507,0.410955670898524,0.5722512102557522,0.6312664138385127,83.0,0.0365588556044884,0.1290668091904044,-0.2662985393658711,0.1670364033923237,0.1372852276679586,0.5756521242508634,-0.2373351020230932,-0.0122061358033518,-0.613283473271338,-0.2318840875377806,0.5336579998638913,0.6046481871157178,0.2548884740100225,,-0.0841050119331743,-0.070877631853242,0.0527260489118239,0.2088661551577153,-0.0372002820874471,,0.024467558904267106,0.04212083413083767,-0.011340995744642424,-0.07641068502082271,0.5,-0.07641068502082271,0.3501052445720173,16
017377,南方养老2040三年持有混合发起(FOF)Y,FOF-均衡型,009572,False,2040.0,三年,南方,2020-07,74,12.0,0.0711861379063956,0.1655736579808487,-0.1003487634749523,0.339342251609217,0.7093872952820598,0.7482659384376026,0.6217500170919023,-0.0321056128269674,-1.3311115681039358,-1.3114087590040269,0.7152018575685609,0.7706163220938054,36.0,0.0742916874490162,0.1636946214260082,-0.1455598056445778,0.3622091363326605,0.5103860033340438,0.6872319355103224,0.4277961647618573,-0.0223691452138838,-1.567840866600438,-0.8958749209670516,0.6725979306486135,0.7071849761979677,60.0,0.0172694269470896,0.1381669941643027,-0.2597402597402599,0.0164252465707616,0.0664872937462951,0.6633284405994299,0.2902247229762992,-0.0065164805820753,-0.5834204325170204,-0.2601333536430846,0.6462899504941213,0.6358670834164394,74.0,0.029909604391076,0.1267034845806985,-0.2604026845637583,0.1176731992842705,0.1148590477904724,0.5981208359255449,-0.0155376397932382,-0.0099518076139437,-0.5554552953592024,-0.2226562168930262,0.5736837236397848,0.6145822273469728,,0.0380836530363992,-0.1020371371912748,-0.0913471190523991,0.0254087494476358,0.2512389571213103,0.0326330291028071,,-0.010681153615593075,-0.03207569424925105,0.006625410270776344,-0.023540636103852597,0.25,-0.03207569424925105,0.16484325930291577,17
017408,长信颐和平衡养老三年持有混合(FOF)Y,FOF-均衡型,012095,False,,三年,长信,2021-12,57,12.0,0.0334091133735299,0.1364897309514029,-0.0791752209229669,0.1348754462713716,0.4219642583130286,0.6033440760045827,-0.6123240562638045,-0.0239739182766587,-0.7062955009674851,-0.6985006910789354,0.5734877119915279,0.7170853787443984,36.0,0.054669256222364,0.1615177785732799,-0.1300493716337522,0.2456030325130202,0.4203730901239938,0.6607769298177774,-0.1676045575258015,-0.0200204329904282,-1.0762817769409467,-0.6156688445702196,0.6121932028120951,0.6943273842359187,,,,,,,,,,,,,,57.0,0.0094114305097738,0.1390211406868199,-0.2260930325414255,-0.0401994219196903,0.0416263624048188,0.6201388639483305,-0.622628653703813,0.0161672576845544,0.958330385507055,0.4429609662163321,0.6059382774718467,0.6141687348728583,,,-0.0854461968456777,-0.0710543549443354,0.0116320056397605,0.1864111498257843,0.0234948604992659,,0.02361936946823595,-0.008110320920722058,-0.04457579370880871,-0.01990619826759188,0.25,-0.04457579370880871,0.14723159501170965,18
018353,国泰民泽平衡养老目标三年持有期混合(FOF)Y,FOF-均衡型,008631,False,,三年,国泰,2020-07,74,12.0,0.0764792086462715,0.1491840169033705,-0.1092280183471974,0.4121031858667064,0.7001794027167194,0.6525240633088663,4.12508159371814,-0.0957263671555211,-2.132497068302493,-2.0372350826763954,0.5810999764185371,0.5513397810710963,36.0,0.054228700259137,0.1508586742234682,-0.1301963911873196,0.2600360931253264,0.4165146189122531,0.6023999040662363,0.3742606865720423,-0.0297324955668949,-0.9904596390445252,-0.5640069531511628,0.5680768656310967,0.6311879055572184,60.0,0.008517661249866,0.1289262529997648,-0.2353198948290973,-0.050279431840354,0.0361960949202875,0.5975620005788158,0.4290649918251479,-0.0177664036835668,-0.9333791591556878,-0.4140098255937533,0.5654660090983616,0.5835867737507359,74.0,0.0265390404321523,0.1188769964993055,-0.2353198948290974,0.0970670589933671,0.1127785666036716,0.5514057629406793,0.6278524155899449,-0.0276535035630417,-1.3394258320242949,-0.5325072784968855,0.51301072088271,0.5506959919003596,,0.0775332892624423,-0.1219106047326903,-0.0263499351232658,0.0070732957457708,0.1675488599348535,0.0246730601569311,,0.0445518495147228,-0.04541439077721976,-0.04471017653970555,-0.025496603418784902,0.25,-0.04541439077721976,0.0934392476533118,19
022046,广发养老目标2060五年持有混合发起式(FOF)Y,FOF-进取型,018837,False,2060.0,五年,广发,2023-07,38,12.0,0.0129924559932939,0.1797496809014429,-0.1087490406753645,-0.0111685539392241,0.1194719136151162,0.811903384675639,-0.3702116508652471,-0.0689184576547349,-3.1302849745002863,-3.0301319551592973,0.7050970655598439,0.976463217877075,36.0,0.0761054353229637,0.2056778169043737,-0.1514745308310993,0.2970929789252559,0.5024305730170879,0.853953112459128,0.0303966963679206,-0.0247538589101113,-1.4095645936232493,-0.8045375868197211,0.8084467510956735,0.8876512330702694,,,,,,,,,,,,,,38.0,0.0616286440466784,0.2017236992143467,-0.1841165972635337,0.2311510458527333,0.3347261733197623,0.8496015997756555,-0.0379873131648994,-0.0154089081626543,-0.8430792032327681,-0.470414272238367,0.8084467510956735,0.8603680181037279,,,,,0.0626027847823706,0.2717705323978543,-0.0195521661528476,,0.016150905230245094,0.029049256660717226,-0.035052893077419656,-0.0770707349333527,0.5,-0.0770707349333527,0.05541448114445846,20
017353,工银养老2050五年持有Y,FOF-进取型,006886,False,2050.0,五年,工银,2019-03,90,12.0,-0.0712964865420177,0.1627209192900315,-0.1246184817195921,-0.530334310539409,-0.5721180803858943,0.606514172870065,-0.0757325214646204,-0.131860757534951,-1.3621042506430834,-1.2776828452099558,0.4828250107619858,1.002356499749427,36.0,0.0379602179008988,0.2122219412842326,-0.1967672769256145,0.1081896516541041,0.1929193639003769,0.7904198218228868,-1.816161032670087,0.0042240310761909,0.0942773616416111,0.0545363592293708,0.7881600134211745,1.0084794036862996,60.0,-0.0287953726404994,0.1853476829885283,-0.3800521927312073,-0.2362876726287972,-0.0757668898936338,0.8151131726881659,-1.268678329148398,-0.0060880780801122,-0.2165488598551741,-0.0965730668888135,0.8071722996084391,0.9854248763759424,90.0,0.0414408898349951,0.1789093064870499,-0.4019770369005953,0.1477893484367681,0.1030926795085637,0.8070617995161776,-0.9665595725249216,-0.0112919357563142,-0.4888070342963106,-0.1775614438605977,0.7910811894704277,0.9794266087574094,0.4206971088894895,-0.0348675034867501,-0.1533762480294271,-0.1157576227791141,-0.0542247959989469,0.3880693941924109,-0.0937040502606603,,0.04235564219135313,0.02261239314953134,0.1180254680063102,-0.11338684779116137,0.75,-0.11338684779116137,0.05309474246551614,21
017361,汇添富养老2040五年持有混合(FOF)Y,FOF-均衡型,007059,False,2040.0,五年,汇添富,2019-04,89,12.0,0.0707116788321171,0.2285470780042978,-0.1468443274661403,0.2437645640390532,0.4815417800079613,1.0315788853343208,3.833510225692218,-0.1269258704533857,-3.330533827196932,-3.132035227161275,0.892495048452365,0.9975841636038104,36.0,0.0748834375142246,0.187625998819488,-0.1468443274661403,0.3191638573065641,0.5099511762311109,0.7604388959891393,0.422780685318714,-0.0273015826678184,-0.8443971788837016,-0.4813820900858276,0.7471490074532261,0.8055725390631822,60.0,-0.0063651524460254,0.1667195428132504,-0.3147692668072149,-0.1281502581251523,-0.0202216452406195,0.7728863491383335,-0.1253015275223681,-0.0175246875849788,-0.8505844270355758,-0.3773277940676599,0.7740470005521685,0.8635104913223092,89.0,0.0692300690299372,0.1691362734985134,-0.3236025203769004,0.3206294422137299,0.2139355062788288,0.7943678368549713,-0.538466740911875,0.0098595895795412,0.5313424839379294,0.1959859086200571,0.8362946335852222,0.8876957848179352,0.4358206325433882,0.01313044545343,-0.1462572674418607,-0.1100234092360076,0.014825442372071,0.2309142318567385,0.0483027054619704,,-0.019467850391991393,-0.04321133279036404,-0.041811076431945926,-0.011844317867097054,0.0,-0.04321133279036404,0.04890127496117823,22
017254,汇添富养老2050五年持有混合(FOF)Y,FOF-进取型,017254,True,2050.0,五年,汇添富,2022-11,46,12.0,0.07983357170719,0.2564522153493401,-0.1669884169884171,0.2528095599364331,0.478078498778317,1.1518562886856958,3.4420060011516744,-0.1194032564537728,-2.3883651547585045,-2.2546582708615794,0.9916154611014444,1.088406981020969,36.0,0.0877984258755377,0.2072862153368204,-0.1669884169884169,0.351197621883574,0.5257755445494633,0.8369351664709826,0.5345484122934766,-0.0253976877944753,-0.6732073921276693,-0.3841310236401233,0.8258135333949018,0.8621219476471432,,,,,,,,,,,,,,46.0,0.0503514359667736,0.1876200581414755,-0.2060702875399358,0.1884203443755291,0.2443410768620179,0.835960401766831,0.4433426656161062,-0.023739039488493,-0.8040338561650056,-0.4061758805440045,0.8163205930993914,0.8602845478028247,,,,-0.1082317073170731,0.0192104192104194,0.2528552032585256,0.058838528718047,,-0.010814731416747603,-0.046426466386027654,-0.050477399982353566,-0.00746056665964856,0.0,-0.050477399982353566,0.019399955455265454,23
017350,华安养老目标2040三年持有混合发起(FOF)Y,FOF-均衡型,010320,False,2040.0,三年,华安,2021-05,64,12.0,0.0469406579891356,0.1464508777946132,-0.0918536226553878,0.2180980986261486,0.5110376339237633,0.6558529239318082,-1.053104551849167,-0.0063049459333844,-0.2574548587425533,-0.2567100245896206,0.6099803674149744,0.7140086136147222,36.0,0.0559003273175195,0.1437001140181752,-0.1338020053013714,0.2846227895988065,0.4177839277640978,0.6026691289273299,0.4124068477573624,-0.0302164213439662,-2.2142834891978094,-1.260614040226667,0.5664706059755409,0.6255965633122104,60.0,-0.0021592171671624,0.1282532307707569,-0.2871775417298939,-0.1337916952582139,-0.0075187535701985,0.6127008737331251,0.1680468287921086,-0.0213568958536261,-1.9721103134028504,-0.8732878133393494,0.5931214503344966,0.6601651364966217,64.0,0.0039964901171398,0.1254683804127642,-0.2871775417298936,-0.0876994653685727,0.0139164437896706,0.6132360436475038,0.5386324940859847,-0.0340095913499139,-2.5538420979365632,-1.0885007484051037,0.5891593131848774,0.6636044894874515,,,-0.1287233023656739,-0.0937671759920851,0.0198932557011162,0.2186013320646997,-0.0030255709545186,,-0.023968634610616935,-0.03501688225840738,0.0060192020318134976,-0.05393261345601441,0.25,-0.05393261345601441,-0.06493527215669083,24
017402,广发养老目标日期2040三年持有期混合发起式(FOF)Y,FOF-均衡型,008609,False,2040.0,三年,广发,2020-05,76,12.0,0.0751084598698479,0.1766566154520541,-0.1192738509076865,0.3402559237084546,0.629714386667863,0.7982966810375981,1.8702123707993787,-0.0614003404886474,-2.172696271094068,-2.110853132899923,0.7186597268099661,0.7525310312128414,36.0,0.0701419439691575,0.1677476479435702,-0.1435194724912425,0.3287196252534467,0.4887277158396574,0.7051491202791927,0.5824183042931508,-0.0322120472617426,-1.998650118947028,-1.1367841456292835,0.6700799201437021,0.7164912508123316,60.0,0.0016729283462908,0.1441377855792124,-0.3074231442139463,-0.092460638271601,0.0054417774906582,0.6934520225777461,0.2821950057282779,-0.0216966180694682,-2.051967499369827,-0.908506072988528,0.6589899167380026,0.7113442824981618,76.0,0.0277787862288758,0.134168966997899,-0.3074231442139464,0.0952439786547359,0.0903601005705141,0.6744502186354414,0.6416165143361799,-0.0415786458843415,-3.5684392281524526,-1.390724997789583,0.6037926739811432,0.7116815598812058,,0.0193431911966985,-0.1393269798431305,-0.0969132778049973,0.0171440972222223,0.2308512908043525,0.0309412376495057,,-0.018433259564489712,-0.05050199428982638,-0.021541974269862152,-0.02919313084266273,0.0,-0.05050199428982638,-0.12189647626339027,25
017380,鹏华养老2035三年持有混合(FOF)Y,FOF-均衡型,006296,False,2035.0,三年,鹏华,2018-12,93,12.0,0.0412576371250086,0.2058279460396376,-0.1448169830287978,0.1275708067356024,0.2848950189550921,0.9150156721878544,1.1168663974712425,-0.0839818226356624,-1.7013688346932456,-1.6348432249712697,0.7897890327847558,0.972254233234764,36.0,0.0825185909755614,0.1964490302115693,-0.1605753951660116,0.3436952114390492,0.5138931209868688,0.8151626564880564,0.7898965938192242,-0.0367438579689074,-1.3427778538527486,-0.7621089206781481,0.7895466364074257,0.8349744589604363,60.0,0.0151421123670787,0.1631596801340524,-0.299141121430068,0.0008710017509349,0.0506186253989109,0.7453623160138307,-0.2095732204618297,0.0066310917525758,0.2857251885889675,0.1281680814664705,0.7440123441196471,0.7414995834979785,93.0,0.0552262582987683,0.1447021331559866,-0.2997767545695545,0.277993540395186,0.1842246186768784,0.6433931780242503,-0.0420891056320012,-0.0163851945242505,-0.7083547779848832,-0.252531969400013,0.6031470481422682,0.666542912009499,0.2552055525894288,-0.0101375301290227,-0.1099333954021344,-0.0984068233022208,0.0320392681838468,0.2745589761328255,0.0291064522694892,0.1221168247628552,-0.01135936287974959,-0.0500974595848509,-0.021807799980510634,-0.040975318005236794,0.0,-0.0500974595848509,-0.13716786299810124,26
017229,交银养老2035三年(FOF)Y,FOF-均衡型,008697,False,2035.0,三年,交银,2020-04,77,12.0,0.0713710562916329,0.1981802317197284,-0.1392740494237998,0.28444338672161,0.5124505001966055,0.8844727517757225,2.198938820591973,-0.0789681637203194,-1.7355069175455256,-1.6717595745084972,0.7475750970336092,0.7952873467071401,36.0,0.0811342189434463,0.1733740755304692,-0.1392740494237998,0.3814539096522749,0.58255087203332,0.7295749431333579,1.156125922335293,-0.0410885504488565,-1.8049447951512876,-1.0223118857443323,0.6968696081553836,0.7094725189593662,60.0,0.0183045646805493,0.1472197602123414,-0.246849355216882,0.0224464750912716,0.0741527749362233,0.7062742276483142,0.6279902549802836,-0.0153121171358532,-1.0378338348143028,-0.4608670125980307,0.6981124050009064,0.685350315427039,77.0,0.0611581511942906,0.1419722256782131,-0.2468493552168814,0.3251209944324628,0.2477549562183674,0.6752625611361875,-0.2541100888154824,0.0028251460586594,0.1689392764040718,0.0667786431025826,0.6578598296885174,0.6658232829494541,,0.0455749454658769,-0.0958199836077788,-0.0750721054800168,0.0236101211689234,0.2285664548698762,0.0369110874955722,,-0.010415031935174013,-0.08185891812035351,-0.036679873807331065,-0.035588656588332546,0.0,-0.08185891812035351,-0.1432837555528908,27
019900,中欧预见积极养老目标五年持有混合发起(FOF)Y,FOF-进取型,017685,False,,五年,中欧,2022-12,45,12.0,0.0175394637935353,0.1091456321852621,-0.0597297937899976,0.0232667468472295,0.2936468164481171,0.4720559604604913,2.7785021442883897,-0.1009320887488651,-2.7378448090290144,-2.60875799776172,0.4110668553441474,0.5425400907484205,36.0,0.0743370709889665,0.2644513984134977,-0.1625445292620868,0.2243779815306055,0.4573335769984941,0.9955151277667512,-0.0911674073941261,-0.0322480485262121,-0.4762451689704114,-0.2708722133715057,0.8033341681623912,0.8435203874002823,,,,,,,,,,,,,,45.0,0.0540659842729769,0.2377657400312513,-0.1931751323788977,0.1643045136269094,0.2798806637643751,0.9748661628455516,0.1922779162892803,-0.016198845232068,-0.2880116432000297,-0.1476210860048097,0.788982354283792,0.7604987329454,,,,-0.0947484025559108,0.1174589169515829,0.2210817212791156,-0.0152764306498548,,0.04124373682926308,0.0924243752270113,-0.14166496217982272,-0.07706782961629444,0.5,-0.14166496217982272,-0.15438122750969124,28
020316,工银养老2055五年持有混合发起(FOF)Y,FOF-进取型,009340,False,2055.0,五年,工银,2020-09,72,12.0,-0.0123626373626374,0.1495729375948454,-0.0844369305907765,-0.1829384232377367,-0.1464126807563972,0.6590006153282308,3.4280364854975844,-0.1584015925253085,-3.901859427844224,-3.609765498390612,0.5145434119924793,0.8059720614366166,36.0,0.0551782307260337,0.1757618627516572,-0.1390056022408963,0.2285947024970008,0.3969496900593263,0.7235926581516955,0.1324352943530645,-0.0346659718428085,-1.6214057835147244,-0.9211507261238522,0.6527721427503169,0.7482107553233532,60.0,-0.021873685036302,0.1619310975557371,-0.3501013126596776,-0.2277121911287609,-0.062478157737057,0.7535253026337624,-0.366712148126847,-0.0265121543520914,-1.5571841973109632,-0.6878907256925408,0.7040596825528366,0.853453673922108,72.0,0.0010969871440813,0.1550971961894765,-0.3654739377257873,-0.0896406459787567,0.0030015468432783,0.7671904701603373,-0.2815680708792822,-0.023299971524346,-1.480096098659257,-0.5977663909246249,0.7285779949418902,0.8680941771045074,,-0.0235378031383738,-0.1606099342585829,-0.1377134776460351,0.070896934527564,0.2162798916244557,-0.0250847457627118,,-0.04352987181455015,0.031631607481649615,-0.040448572216163825,-0.07769658045471994,0.25,-0.07769658045471994,-0.16711333253983982,29
022278,富国鑫旺积极养老目标五年持有期混合发起式(FOF)Y,FOF-进取型,018270,False,,五年,富国,2023-08,37,12.0,0.0092511013215854,0.1886296798515837,-0.1296515762028918,-0.0304771692500238,0.0713535584566161,0.8515337407901955,-0.5279251712978905,-0.072145465090223,-3.101750273308903,-2.9977991678664018,0.7008178751978557,0.9777451040200212,36.0,0.0463909792866714,0.1689025246072422,-0.1296515762028917,0.1858526351791752,0.3578126903299212,0.6875107330424814,-0.1448192757072776,-0.0303800100234234,-1.3779374912314013,-0.7844134672741349,0.6592531548851338,0.7977010448855915,,,,,,,,,,,,,,37.0,0.0450415159778867,0.1665658360670907,-0.1296515762028918,0.1803582096258105,0.3474043069665521,0.6769959860879382,-0.1935927255471698,-0.0178002065698984,-0.7457859451285731,-0.4212449216138844,0.6592531548851338,0.7520262199044623,,,,,-0.041254965875522,0.2248193795155117,-0.0063324080499654,,,-0.06279248490319012,-0.016434886174527152,-0.05168744992376273,0.0,-0.06279248490319012,-0.16841551338146116,30
017393,泰康福泽积极养老五年持有混合(FOF)Y,FOF-进取型,012513,False,,五年,泰康,2021-06,63,12.0,0.0844657919400184,0.1790420637290305,-0.1092496700172608,0.3879858760182233,0.7731445955550561,0.80301589689306,2.257208728559239,-0.0621769276333256,-1.6710461953448172,-1.6228732068655876,0.7908293235227516,0.8272548996195861,36.0,0.0556873174304686,0.1481345631669667,-0.125063548551093,0.2746645790193392,0.445272168234682,0.6122173927248621,0.7638193667051739,-0.0411050499616573,-1.7530088367886112,-0.9928878424771416,0.6043943901815182,0.6841249028908251,60.0,-0.0144733985074085,0.1361696327839573,-0.3243031016882606,-0.2164461921856703,-0.0446292324435468,0.6302797457533736,-0.0541579915270469,-0.0267484513622405,-1.537659012614848,-0.679190211044109,0.6193545394314006,0.7378051058396127,63.0,-0.0145981266738993,0.1330457966907383,-0.3243031016882604,-0.2224657028639504,-0.0450138361239972,0.6317920318702857,0.0458045700218112,-0.0315249905802693,-1.882984919055483,-0.8098591384826952,0.6130077884334528,0.7433696731583568,,,-0.1717415335142195,-0.096335840815336,0.0055048335123519,0.2014955267725995,0.0287841742609469,,-0.03579195065493057,-0.07211935229089828,-0.016709499348936507,-0.029364748482068714,0.0,-0.07211935229089828,-0.18762332838617515,31
020757,南方养老目标2060五年持有混合发起(FOF)Y,FOF-进取型,017497,False,2060.0,五年,南方,2023-01,44,12.0,0.0613364511197049,0.2119910470369153,-0.138751472320377,0.2185773963918208,0.4420598217370925,0.944125722780644,-0.7706383271521302,-0.0260492702071731,-0.5726514450960419,-0.5657818342515643,0.8428983074624325,0.9715535536825534,36.0,0.0803851094502223,0.2134379338503456,-0.187112630904039,0.306342496250305,0.4296081406254609,0.8844064925280897,0.1671690922908898,-0.0272020668304364,-1.233000613067644,-0.7029536806777136,0.8348642708486685,0.9046209840288072,,,,,,,,,,,,,,44.0,0.0461988083266244,0.1957806757747818,-0.252677080263287,0.1593559129528919,0.1828373522382235,0.873091586067977,0.3820869954979134,-0.0300132263568487,-1.3402673619742804,-0.6902505223505114,0.7999103849982143,0.8527030227763479,,,,-0.1312999999999998,0.017727639000806,0.3148965049202583,0.0151397849462364,,-0.017020685902467858,-0.024413851053553204,-0.004878082731113231,-0.046484536994299,0.0,-0.046484536994299,-0.20822896751133738,32
017256,汇添富养老2030三年持有混合(FOF)Y,FOF-均衡型,006763,False,2030.0,三年,汇添富,2018-12,93,12.0,0.0787186669539612,0.2438889119347925,-0.1683298921771049,0.2612610243265074,0.4676452051138901,1.068939094754609,-1.8740480822959484,0.0069421552211754,0.102055859144918,0.102380177019008,0.9373025019040396,1.019963502138029,36.0,0.0642434639945943,0.1629913537095926,-0.1683298921771049,0.3021231671118772,0.3816521424905439,0.6111077083977443,1.162875437808271,-0.0420942432909705,-0.878570955395752,-0.4973808480418212,0.6207900243309998,0.6629060500401813,60.0,-0.0051398403698836,0.1402800391984493,-0.2724677178638633,-0.143568824794756,-0.0188640342796564,0.6095899520863708,0.6285998545987311,-0.035298040192399,-1.1884969486888275,-0.5228572572848945,0.5820835573516878,0.652066808903213,93.0,0.0538829764305226,0.1450680924319528,-0.3163414634146346,0.2680325892391637,0.1703316911065092,0.6330305553736671,0.0571419790944069,-0.0190216230483536,-0.7542541968431576,-0.2685658280171638,0.6195926433904093,0.6987321843241743,0.3586305533208183,-0.0033554839134155,-0.1471481383681014,-0.0874680702840776,0.0081431843243697,0.2153975599495159,0.0397369331948771,0.1179174577795543,-0.039157518170045535,-0.09551623973694734,-0.004693483790185526,-0.025955788151779124,0.0,-0.09551623973694734,-0.2973755604225067,33
019746,广发积极养老目标五年持有期混合发起式(FOF)Y,FOF-进取型,017676,False,,五年,广发,2022-12,45,12.0,0.0515608558400553,0.2009209622194433,-0.1196737556216174,0.1819663584933662,0.4308451387042587,0.895170580110556,-1.0734171241558277,-0.0239829207362841,-0.5786427505772382,-0.5722543318261697,0.8358137839290021,1.0083998520475084,36.0,0.076417567761958,0.204978130926422,-0.166510660426417,0.2996298555576361,0.4589349869027026,0.8584383652209427,0.3807936740540614,-0.0350949012783438,-2.068731905533165,-1.1750471562099942,0.8231938861370209,0.9093585372257186,,,,,,,,,,,,,,45.0,0.0496336985164136,0.1868955028637702,-0.2319340617212958,0.1853104969660958,0.2139991778182891,0.8512571330357376,0.3797810761445085,-0.0225312561470988,-1.3945022603954291,-0.7126507403720314,0.8197026029032644,0.8564219188381317,,,,-0.1174201206845386,0.050212956736158,0.2766275346851647,0.0025079418157498,,-0.012700871240883482,-0.005567965682476528,-0.03422226516026261,-0.061927305094481744,0.0,-0.061927305094481744,-0.3192972947341194,34
017342,摩根锦程均衡养老三年持有混合(FOF)Y,FOF-均衡型,007221,False,,三年,摩根,2019-09,84,12.0,-0.009250206813567,0.1642086570972319,-0.1198134558672243,-0.1476792225345822,-0.0772050747273159,0.7122136442809233,-2.071267679960296,-0.0412997227940276,-0.8500630313220154,-0.8338496220766968,0.4938405628614036,0.7504538933087644,36.0,0.0476789497776242,0.1574484524668077,-0.1198134558672243,0.2075533246953531,0.3979431978863991,0.656732771794982,0.5446335410336068,-0.0469007009345795,-2.4979241755662973,-1.4109070614877324,0.5684131559068856,0.6549538506620012,60.0,-0.0074515547844385,0.132221763606051,-0.2665552082576142,-0.1698022638038017,-0.027955014772163,0.6221689260468104,0.0733246956627435,-0.0237934674367872,-1.6603969396683842,-0.7344190943213436,0.5379070561407254,0.6168870870181452,84.0,0.040165685961961,0.1256179672588151,-0.2665552082576146,0.2003350835164468,0.1506843037302146,0.6050646860563831,0.0207695424027525,-0.0205941407133068,-1.7472524911367788,-0.6541424494618062,0.5437924148895228,0.6099864290406372,0.2347202295552359,0.0579440700286624,-0.1427106978106463,-0.0682439357704132,0.0575671463928864,0.1739620351911246,-0.0273183697578262,,0.00486980430502304,-0.0068730636472178475,-0.05975501171341069,-0.08394953301299257,0.25,-0.08394953301299257,-0.3257554610521303,35
020756,南方养老目标2055五年持有混合发起(FOF)Y,FOF-进取型,017980,False,2055.0,五年,南方,2023-03,42,12.0,0.0623820224719096,0.2189580533908883,-0.1428571428571429,0.2163977151702306,0.436674157303367,0.9766153121919686,-0.0406114342123641,-0.0445683474562602,-0.943279959528318,-0.923852818543843,0.8782273573598571,1.015926001396376,36.0,0.0810111492525789,0.212215889450452,-0.1886489952971356,0.3110565821603623,0.4294279390408656,0.8841321529257692,0.563196750412274,-0.0382273751518914,-1.5957279266453734,-0.9050384706024556,0.8288414583276555,0.8930325990267529,,,,,,,,,,,,,,42.0,0.0489078898815718,0.1986748453331668,-0.2427930174563592,0.1706702719446446,0.201438617938684,0.8805319940826091,0.6617554722892028,-0.0316512217194636,-1.4708298531011346,-0.7747202631270605,0.8228936911178609,0.8468339212103065,,,,,0.0312827072915455,0.3080739738385207,0.0188793103448274,,-0.009098751790557191,-0.036220191086331344,-0.014155183023484064,-0.05032484322368558,0.0,-0.05032484322368558,-0.35295895662026644,36
017317,中欧预见养老2050五年持有(FOF)Y,FOF-进取型,007241,False,2050.0,五年,中欧,2019-05,88,12.0,-0.0475967017496817,0.0745638430084694,-0.0798066875653084,-0.8395047683174224,-0.596399915868352,0.2331526469841837,1.2515890992189076,-0.101781482599418,-1.7779512847469083,-1.6934029443655965,0.1494367877168577,0.4218317983821909,36.0,0.0357792728563395,0.2338573038128105,-0.1985138834571761,0.0888544959578091,0.1802356199638697,0.8402299957919911,-1.144493397552737,-0.0219931572197803,-0.3396247888828926,-0.1940979770305764,0.6741265366260379,0.8229971885040263,60.0,-0.0271356296265988,0.2055802700895561,-0.386737686276857,-0.2049595012607168,-0.0701654650929805,0.876870202061312,-0.560807644643422,-0.0242474998759631,-0.5857101221960902,-0.2590136018590194,0.7611478078013324,0.9141308484650228,88.0,0.0490490121689737,0.187871372839547,-0.3867376862768572,0.1812357660155788,0.1268275989370753,0.8529719793204291,-0.2286076957037546,-0.0311895648616499,-1.072993586127755,-0.3905325543087135,0.7663702394419887,0.911483909459218,0.339193108903929,0.096678918351273,-0.1635046980669102,-0.1793661014523863,0.06102877070619,0.2451930977814298,-0.0624917513527782,,-0.033631292631482124,0.09900510622503489,-0.04858256765676461,-0.09715034824675162,0.25,-0.09715034824675162,-0.3913142269045768,37
017403,广发养老2050五年持有混合发起式(FOF)Y,FOF-均衡型,007250,False,2050.0,五年,广发,2019-04,89,12.0,0.1084595493165871,0.28447832412837,-0.1892469489904954,0.3285295974761642,0.5731112173546025,1.2183286041128891,8.359613791553976,-0.1974776969192737,-2.0231932621118096,-1.832804897721649,0.9780758594033656,0.9268892187289898,36.0,0.1057182123198972,0.216730580735226,-0.1892469489904955,0.418575966585561,0.5586257156790762,0.8818419504880219,2.3904945930412187,-0.0665838660314396,-1.4117163880851076,-0.7898718873548036,0.8039686648783386,0.7445405321327103,60.0,0.0140072059745239,0.1845476943805046,-0.3161353467561519,-0.005379606766742,0.0443076236752744,0.8519822683202043,1.1858765486579634,-0.0344697228825937,-1.1383236296182566,-0.5009802010261916,0.7898531468818594,0.7833110209437137,89.0,0.0562199149272562,0.1722171635554144,-0.3161353467561519,0.2393484718727982,0.1778349542502152,0.796130457105544,-0.0108577685687503,-0.0171318807335866,-0.6971631147458186,-0.2539777721932467,0.7520213543200348,0.8155084920615864,0.2781469349555454,0.0395401625540017,-0.1678523631753186,-0.1148637210089722,0.0831022281725155,0.2289422567543704,0.0778791579854878,,-0.06664778284228978,-0.1085584901834773,-0.10389568191302234,-0.02682591300453141,0.0,-0.1085584901834773,-0.5404585113107253,38
017942,银华尊和养老2045三年持有混合发起式(FOF)Y,FOF-均衡型,013928,False,2045.0,三年,银华,2022-03,54,12.0,0.0611592409240924,0.1581282323276372,-0.0978300510576219,0.291910181026066,0.6251580190637902,0.7213236880824466,1.7521455074478975,-0.0644318144899699,-6.195626254247499,-6.010461650369173,0.6679786001186971,0.7411353651916717,36.0,0.0483522608313915,0.1472322141989276,-0.1295632698768197,0.2265282839958435,0.3731941998481645,0.627092848847382,0.943745429231664,-0.0551118405889621,-4.098420075632978,-2.305842339932681,0.5880194883903086,0.6898396572885657,,,,,,,,,,,,,,54.0,0.0063512554274873,0.1320443827627812,-0.2515886770652803,-0.0654987693649199,0.0252445996440428,0.5982255121155281,0.1297479722673694,-0.0216091199997212,-1.3688069760460786,-0.6388457998667345,0.5887490124004902,0.6613857853944994,,,,-0.0982855925886487,0.0005904581955598,0.1769149061725479,0.0317890092258323,,-0.041149744375385544,-0.08905857331380052,-0.04793541841926818,-0.030684995305014118,0.0,-0.08905857331380052,-0.7058009183865797,39
023428,南方养老目标2050五年持有混合发起(FOF)Y,FOF-进取型,015270,False,2050.0,五年,南方,2022-03,54,12.0,0.0356758870100679,0.1351326842455132,-0.0947085201793721,0.1530043388504247,0.3766914206081989,0.587058297516103,-0.5696420025791132,-0.0207247929111158,-0.4822117669006042,-0.4776139832242665,0.4858317066054264,0.5723491107470338,36.0,0.0430281428856091,0.172180093237651,-0.1440351252944955,0.1627838756419038,0.2987336790080436,0.7086301839156695,0.8159568655303716,-0.0638877761865505,-2.2996438653990467,-1.288359032399748,0.5813180543681442,0.6875114390761495,,,,,,,,,,,,,,54.0,0.0129478801758826,0.1508288143090458,-0.2284749034749035,-0.013605621933171,0.0566709077406609,0.653291632555465,0.0752504387955103,-0.0144442556855767,-0.5352836928788309,-0.2506602339079073,0.5828176272451746,0.6179585990897235,,,,-0.0965803108808289,0.0640055058499655,0.1266709788702025,0.0138742704047463,,-0.024577540470391845,-0.018805077694642014,-0.1284630623770433,-0.05091706791746198,0.0,-0.1284630623770433,-0.7775640875409451,40
018354,广发养老目标日期2035三年持有期混合发起式(FOF)Y,FOF-均衡型,007668,False,2035.0,三年,广发,2020-09,72,12.0,0.1085349155636692,0.2259421938419713,-0.1564217529649986,0.4139771946672761,0.6938607546992223,0.9905727481872028,7.585357109130883,-0.1689530295299581,-2.7458032128463774,-2.5260761107714917,0.8681672898010927,0.815845078039815,36.0,0.0765971342014986,0.1869090364769271,-0.1564217529649985,0.3295567478306616,0.4896833896154984,0.7923749362543694,2.3845230528503705,-0.0855538810171218,-2.894729231106957,-1.604680304026699,0.6788067295523106,0.6888044933920229,60.0,0.0191894917779582,0.1562005031328229,-0.2526963187449859,0.0268212438112045,0.0759389447114334,0.741761207112298,1.1555825686936856,-0.0293881706133587,-1.4072488915783063,-0.6208182270486756,0.6769707894761983,0.6517392403635993,72.0,0.0329047939542086,0.1448145085414914,-0.2526963187449861,0.1236395036280406,0.1302147736762846,0.711493349858884,0.4788959917361056,-0.0127632456299722,-0.656810862300478,-0.2665696915150524,0.6503365301067486,0.626896778860435,,0.0369407833673662,-0.0958646616541352,-0.095040095040095,0.064106771687999,0.1822761385833247,0.056,,-0.059058380920909426,-0.12648981515933144,-0.11485708580066278,-0.043877178562053976,0.0,-0.12648981515933144,-0.8709916226614116,41
017411,农银养老2045五年持有混合(FOF)Y,FOF-均衡型,010193,False,2045.0,五年,农银,2020-11,70,12.0,-0.0110491193523685,0.2010358461591092,-0.1443350243708346,-0.12957450051844,-0.0765518930733016,0.886531145094613,-1.4890654897405693,-0.0717910229301644,-1.4627488236286903,-1.4139708670711717,0.713380177450005,1.0705469130533731,36.0,0.0283403650278366,0.1529632574056503,-0.1443350243708346,0.0872128722550587,0.1963512678324202,0.6179874256060415,0.963239136838311,-0.0716267302563542,-2.3116626850794013,-1.2902364148514154,0.5732224975050118,0.7466720955571892,60.0,-0.024563178930937,0.1377817467271564,-0.287264694583173,-0.2871438334228874,-0.0855071277261507,0.6269866880728313,0.184718923254805,-0.0429721117495512,-1.9762517094577767,-0.8662615316604381,0.5885514951366863,0.7440661171110721,70.0,-0.0171527730736156,0.1299968617250039,-0.3078716657340048,-0.2473349944526489,-0.0557140360179663,0.6102844641992637,-0.0268314260996972,-0.044489503764224,-2.2012666651650123,-0.8926736811886653,0.5478539816719727,0.7444391841108757,,0.0203841630733039,-0.1385900883595846,-0.1246515776563716,0.0086613170296778,0.1914383129182977,-0.0418653948065714,,-0.06934391997564726,-0.08205398617664605,-0.03009242720502958,-0.10416219878342614,0.0,-0.10416219878342614,-0.8939630139127475,42
021993,财通资管康恒平衡养老目标三年持有混合发起式(FOF)Y,FOF-均衡型,018673,False,,三年,财通资管,2023-09,36,12.0,-0.0073389742704199,0.2422811081868824,-0.1726445597413339,-0.0922027079931832,-0.0425091545393358,1.0849757198393837,5.299752165213147,-0.2224849030171215,-4.6383536174703,-4.143902040700024,0.8294311984149975,1.197606930873091,36.0,0.0475984418090544,0.200089187140209,-0.1726445597413339,0.16291955739823,0.2757019501823238,0.8217365667428461,0.9227602930092134,-0.0717701577054518,-2.190025502454698,-1.2222601798152255,0.7180696906041933,0.8617392758458297,,,,,,,,,,,,,,36.0,0.0475984418090544,0.200089187140209,-0.1726445597413339,0.16291955739823,0.2757019501823238,0.8217365667428461,0.9227602930092134,-0.0717701577054518,-2.190025502454698,-1.2222601798152255,0.7180696906041933,0.8617392758458297,,,,,-0.0049387797098466,0.2398924619997935,-0.0411975648402972,,,-0.09581919879300982,-0.05989175612127995,-0.11417904563746684,0.0,-0.11417904563746684,-0.9348901699390962,43
026545,中银养老目标日期2050五年持有混合发起(FOF)Y,FOF-均衡型,014006,False,2050.0,五年,中银,2022-03,54,12.0,0.0080721249606876,0.1451244228516857,-0.0938390488356097,-0.047737485553293,0.0860209588742598,0.65039421941087,-1.2456062449781276,-0.0384170250637675,-1.7487103860303608,-1.717701654108801,0.5390186244594779,0.7612074026000736,36.0,0.0191897488582826,0.14857938073001,-0.1530331388307828,0.0281987233874395,0.12539603516531,0.6153359851832364,0.0286108977912859,-0.0543359756801151,-3.8799121093697786,-2.1837189596998017,0.5502647987362779,0.753774284409265,,,,,,,,,,,,,,54.0,-0.0086637438516247,0.1277845814256203,-0.2401975308641973,-0.1851846567686156,-0.0360692460928044,0.5520794271364511,-0.6593244627811896,-0.0118221007300111,-0.6190960930793716,-0.2902599518704334,0.5177592498220178,0.6389189199087165,,,,-0.1228980693377622,-0.0050887573964499,0.1540383014154869,-0.0088641517212942,,-0.0400027573378986,-0.03616999314178382,-0.06103244862592416,-0.053293232796821854,0.0,-0.06103244862592416,-0.9796559480508037,44
024311,工银养老目标2060五年持有混合发起(FOF)Y,FOF-进取型,013060,False,2060.0,五年,工银,2022-01,56,12.0,0.0253917419650007,0.1460249731895214,-0.0884955752212389,0.0711641422560891,0.2869266842045079,0.6528990119107657,3.181548317834773,-0.1202266357086091,-3.797032155780448,-3.582963302693213,0.5538408174154028,0.7135750361776015,36.0,0.0254063757211164,0.1880268520753766,-0.1983162958508717,0.0553451573871201,0.1281103784845868,0.7672568729176522,-0.0149728054587624,-0.0611941648210337,-2.462751833407496,-1.3815361146938103,0.6567231996205403,0.8704337521212258,,,,,,,,,,,,,,56.0,-0.0231402718225345,0.170366603353882,-0.3333999999999997,-0.2238717628437442,-0.0694069340807874,0.765023802070685,-0.4282937647553653,-0.0267148617047091,-1.3787347180273084,-0.6303772617145347,0.7136487355156843,0.8644565178421391,,,-0.1056999999999998,-0.1265794476126579,-0.0508257585456408,0.2222821688697063,-0.0107040388435224,,-0.02235981981628621,-0.08124669448922273,-0.050362660310635965,-0.0628934049480161,0.0,-0.08124669448922273,-1.074996885875013,45
017248,华夏养老2045三年持有混合(FOF)Y,FOF-均衡型,017248,True,2045.0,三年,华夏,2022-11,46,12.0,0.047503537497473,0.2640671532277643,-0.1796682358215646,0.123088150495711,0.2643958587351557,1.1537029882041463,0.2362449372156578,-0.0758417999086862,-0.9538148172122186,-0.9201873179963592,1.0213881014875463,1.249950435967687,36.0,0.0189887632746592,0.1879257229442901,-0.1850541073980807,0.0212252118132955,0.1026119524805327,0.6882386376498436,1.983021211108111,-0.1109346116332993,-1.884959626718052,-1.031773727162023,0.6419858044353784,0.8696513174965537,,,,,,,,,,,,,,46.0,0.0031790058074263,0.1705912614944954,-0.2470603030874674,-0.0692942539319639,0.0128673274002294,0.6856219491263393,1.522092923874896,-0.0857357855395515,-1.8063197573401784,-0.8857447408138859,0.6495103852146837,0.8460085352055974,,,,-0.1017453391511302,-0.0821373371605213,0.2561943709405818,-0.0076599004212944,,-0.06790189766468901,-0.24294481153394631,0.002011948367199201,-0.09378622455968488,0.25,-0.24294481153394631,-1.6134194252959828,46
019811,华夏养老2055五年持有混合(FOF)Y,FOF-进取型,011745,False,2055.0,五年,华夏,2021-05,64,12.0,0.0430521091811415,0.3246560595016927,-0.2275306061510897,0.0864056233054701,0.1892145848394266,1.418690882628297,0.3931236499261923,-0.0984811168445077,-1.0190852666051968,-0.9722257412437856,1.2224459340142548,1.502090036482078,36.0,0.0075672026492634,0.2301231945532302,-0.2282516121182626,-0.0322992098435224,0.0331528990268104,0.8582273987070917,2.1745676577711786,-0.13834690347709,-2.0582525725015963,-1.110956621879155,0.7636745300378494,1.0737951922996167,60.0,-0.0446137714185452,0.1954916555691073,-0.3994508615792463,-0.3049427928010538,-0.1116877586448625,0.8340240756545135,1.7077042287641793,-0.1009668690599117,-2.272852317305445,-0.9685089297149349,0.7631169222858915,0.98940617639591,64.0,-0.03201150311329,0.1905023511310161,-0.40569661763328,-0.2467764982121314,-0.0789050283436824,0.8323943211296488,1.8219865546836909,-0.1047467604579056,-2.5081073834997736,-1.032861175785412,0.7649016961519194,0.9898355281904097,,,-0.1606001936108418,-0.1368930919155807,-0.112907536076964,0.278505799066125,-0.0095428840716302,,-0.08537797486648058,-0.28918565513671013,-0.04352475075772988,-0.1087852746052812,0.0,-0.28918565513671013,-2.2989449918537277,47
